comment,clean_comment,actual,predicted,dept_category,comment_length,positive_word_count,negative_word_count,primary_aspect,is_error,error_type
"Very very smart. Basically knows everything about history and can answer any question. Doesn\'t give quizzes and assigned homework, so if you bomb a paper or test then you are done for. Participate in class because he likes that a lot. He will grade you on that and he will call on you even if you arent raising your hand. He\'s pretty funny too",very very smart basically knows everything about history and can answer any question doesn t give quizzes and assigned homework so if you bomb a paper or test then you are done for participate in class because he likes that a lot he will grade you on that and he will call on you even if you arent raising your hand he s pretty funny too,positive,negative,History,66,0,0,lectures,True,positive → negative
"She knows the history very well. Overall shes an alright person but at times she comes off as tough, rude and strict. But still her class is helpfull and you will learn alot.",she knows the history very well overall shes an alright person but at times she comes off as tough rude and strict but still her class is helpfull and you will learn alot,positive,neutral,History,33,0,0,professor,True,positive → neutral
dr wilson is interesting.. he talks to himself a lot and his lectures are boring but if you show up its super easy. you can turn in hw whenever and all tests are take home tests! the final is super easy and you practically do it in groups.,dr wilson is interesting he talks to himself a lot and his lectures are boring but if you show up its super easy you can turn in hw whenever and all tests are take home tests the final is super easy and you practically do it in groups,neutral,positive,Mathematics,48,0,1,professor,True,neutral → positive
"I hated Ms. Morris\'s way of teaching!! The whole semester all we did was go through powerpoint slides.. The tests commonly didn\'t match what we had gone through in class, and the labs were really just 3 hour long lectures.",i hated ms morris s way of teaching the whole semester all we did was go through powerpoint slides the tests commonly didn t match what we had gone through in class and the labs were really just hour long lectures,neutral,negative,Biology,41,0,0,exams,True,neutral → negative
"Most interesting class with up to date topics. All work was clear, lots of films and group projects . Never boring!",most interesting class with up to date topics all work was clear lots of films and group projects never boring,positive,neutral,English,20,1,1,workload,True,positive → neutral
"Eleanor intimidated the hell out of me when I first had her. She\'s smart, can defend her views, and expects the same out of you. Beware the eyebrow of death. Once I got to know her she was charming, warm, and blindingly intelligent. Though she focuses on race, I never felt I was evil for being white or that I was graded down for disagreeing.",eleanor intimidated the hell out of me when i first had her she s smart can defend her views and expects the same out of you beware the eyebrow of death once i got to know her she was charming warm and blindingly intelligent though she focuses on race i never felt i was evil for being white or that i was graded down for disagreeing,positive,negative,English,66,0,0,grading,True,positive → negative
"Hard grader, but her comments are very helpful. Very friendly and approachable. Lots of reading and critical analysis of the text. Took the class during summer and had to write 3 papers, no midterms, and a fairly difficult final. Lots of in-class writing. I would recommend her if you want to improve your writing and analysis skills",hard grader but her comments are very helpful very friendly and approachable lots of reading and critical analysis of the text took the class during summer and had to write papers no midterms and a fairly difficult final lots of in class writing i would recommend her if you want to improve your writing and analysis skills,positive,neutral,English,57,1,2,professor,True,positive → neutral
"Dr. Barden is one of the nicest people you will ever meet, and his sense of humor is hilarious! All of the exams are based on the Powerpoint slides from lectures, and he provides study guides and practice exams. Just attending the lectures will probably earn you a high grade and the lectures are, for the most part, interesting.",dr barden is one of the nicest people you will ever meet and his sense of humor is hilarious all of the exams are based on the powerpoint slides from lectures and he provides study guides and practice exams just attending the lectures will probably earn you a high grade and the lectures are for the most part interesting,positive,neutral,Biology,59,0,0,attendance,True,positive → neutral
"Rohy is quirky for sure, but she is able to break down the most complicated material to anyone. Also, she encourages adventurous essay topics; the more outlandish the better. The readings can be boring at times, but her lectures never have an agenda. In other words the students lead the discussion and she is there to help out when needed.",rohy is quirky for sure but she is able to break down the most complicated material to anyone also she encourages adventurous essay topics the more outlandish the better the readings can be boring at times but her lectures never have an agenda in other words the students lead the discussion and she is there to help out when needed,positive,neutral,English,60,0,1,professor,True,positive → neutral
Lectures and important facts in seaport are a must read. The book isn\'t very well written but you will need it for some of the tests. This Class is straight forward weekly quizzes a midterm with essay and a Final. I highly recommend Professor Warwick I like his straight forward approach.,lectures and important facts in seaport are a must read the book isn t very well written but you will need it for some of the tests this class is straight forward weekly quizzes a midterm with essay and a final i highly recommend professor warwick i like his straight forward approach,positive,neutral,Biology,52,0,0,professor,True,positive → neutral
"he is a nice guy and his class is pretty fun. he is a really tough grader though. if you can, take a different teacher for english. i had Professor King for english 2 and did much better than I did in english 1 with zorn",he is a nice guy and his class is pretty fun he is a really tough grader though if you can take a different teacher for english i had professor king for english and did much better than i did in english with zorn,positive,neutral,English,44,0,0,professor,True,positive → neutral
"I bet the previous post is from the girl who had already failed his class once and probably failed again. He was without question the best math teacher I have ever had at any level. The few phone calls he had were because of his level of responsibility with his full time job, they were few and far between. Students took calls if needed also.",i bet the previous post is from the girl who had already failed his class once and probably failed again he was without question the best math teacher i have ever had at any level the few phone calls he had were because of his level of responsibility with his full time job they were few and far between students took calls if needed also,positive,negative,Mathematics,65,1,0,professor,True,positive → negative
"Very good teacher. Makes lecture more interesting and has a good sense of humor. Not too hard with only 3 short papers, a midterm, and final. Highly recommend him because he makes material more intresting.",very good teacher makes lecture more interesting and has a good sense of humor not too hard with only short papers a midterm and final highly recommend him because he makes material more intresting,neutral,positive,History,34,1,1,professor,True,neutral → positive
This class is not that hard. The only hard part is trying to stay awake listening to Kinney lecture. He is very boring but the material is not that dificult. He reads directly off the slides and you can print off the notes. I used the interactive website that goes alog with the book to study for all of the tests. The final is not comprehensive.,this class is not that hard the only hard part is trying to stay awake listening to kinney lecture he is very boring but the material is not that dificult he reads directly off the slides and you can print off the notes i used the interactive website that goes alog with the book to study for all of the tests the final is not comprehensive,negative,neutral,Psychology,66,0,2,professor,True,negative → neutral
"Yes, he erases problems fast, but he really has a heart. If you\'re failing, he will try to accommodate you. If you\'re in there the first week and can\'t keep up with him, don\'t drop the class because he gets better.",yes he erases problems fast but he really has a heart if you re failing he will try to accommodate you if you re in there the first week and can t keep up with him don t drop the class because he gets better,neutral,negative,Mathematics,45,0,0,professor,True,neutral → negative
"I like the guy as a person but not as a teacher. He makes you think and if you simply don\'t get it, he makes you feel dumb. I never made anything higher than a 60 on his tests and I love math and have always been good at it. Do not take if you\'re not a math genious.",i like the guy as a person but not as a teacher he makes you think and if you simply don t get it he makes you feel dumb i never made anything higher than a on his tests and i love math and have always been good at it do not take if you re not a math genious,negative,neutral,Mathematics,60,2,0,professor,True,negative → neutral
"I really enjoyed her class. I loved making the journals and the autobiographical writing combined with art. So if you like that type of thing the class is great! But at parts of the class things did get really repetitive and she had a problem with changing assignments last minute after I\'d already completed things, which is uncool.",i really enjoyed her class i loved making the journals and the autobiographical writing combined with art so if you like that type of thing the class is great but at parts of the class things did get really repetitive and she had a problem with changing assignments last minute after i d already completed things which is uncool,neutral,positive,Psychology,59,1,0,professor,True,neutral → positive
Had a B average in there until the final and made a C. He is not very clear and will interrupt himself while working out a problem to go on a tangent. Not recommended.,had a b average in there until the final and made a c he is not very clear and will interrupt himself while working out a problem to go on a tangent not recommended,negative,neutral,Mathematics,34,1,0,professor,True,negative → neutral
"Fall 2013 night class.He speak Cantonese, Mandarin, English and post solutions online.His notes are organize.He don\'t check homework, but give you quiz(total value 30% final grade) from homework problems. you could use a formula paper in exam.Final exam is open book, notes, so print all solutions from his final review and at least read them once.",fall night class he speak cantonese mandarin english and post solutions online his notes are organize he don t check homework but give you quiz total value final grade from homework problems you could use a formula paper in exam final exam is open book notes so print all solutions from his final review and at least read them once,positive,negative,Mathematics,60,0,0,lectures,True,positive → negative
"I had Ms. Hampton this past spring, and I must say, it was quite a challenge. I can see why people may say that she really doesn\'t interact as much with the students during class...but on the other hand I have to say that she is extremely smart. She definitely knows her info. I received an A but it did not come easy. Overall, she was a fairly desce",i had ms hampton this past spring and i must say it was quite a challenge i can see why people may say that she really doesn t interact as much with the students during class but on the other hand i have to say that she is extremely smart she definitely knows her info i received an a but it did not come easy overall she was a fairly desce,positive,neutral,Biology,71,0,0,professor,True,positive → neutral
"This class was great. I loved the books we read, and the quizzes (which are taken after every assigned reading) were easy as long as you read. If you can\'t read then you shouldn\'t be in college. She\'s very passionate about her job, and the reason shes late is because she has back problems bc she was hit by a bus a long time ago-give her a break.",this class was great i loved the books we read and the quizzes which are taken after every assigned reading were easy as long as you read if you can t read then you shouldn t be in college she s very passionate about her job and the reason shes late is because she has back problems bc she was hit by a bus a long time ago give her a break,positive,neutral,English,72,1,0,professor,True,positive → neutral
She is a great person. Very interested in what she does. Tries to make class exciting. Her exams are fair. Just figure out what she wants and your fine. Be prepared to have a sore hand. Lots and lots of notes goes through really really fast.,she is a great person very interested in what she does tries to make class exciting her exams are fair just figure out what she wants and your fine be prepared to have a sore hand lots and lots of notes goes through really really fast,positive,neutral,Psychology,46,1,0,professor,True,positive → neutral
"takes attendance every day, need to be there. Very stubborn on how she wants things written her way, and if you dont write it her way its wrong. nice, funny lady. not an easy class however, takes 3rd grade math and makes it very hard somehow. if you put a lot of time in youll pass, if not its very stressful, dont go out of your war to take this cla",takes attendance every day need to be there very stubborn on how she wants things written her way and if you dont write it her way its wrong nice funny lady not an easy class however takes rd grade math and makes it very hard somehow if you put a lot of time in youll pass if not its very stressful dont go out of your war to take this cla,positive,negative,Mathematics,71,0,1,grading,True,positive → negative
"Masten, while I\'m sure he\'s a great, harilous person outside of class, he\'s definately not that way in class. He is very unclear of this subject and reads straight from his Pearson PowerPoints. I will not take his class again because I learned absolutely nothing.",masten while i m sure he s a great harilous person outside of class he s definately not that way in class he is very unclear of this subject and reads straight from his pearson powerpoints i will not take his class again because i learned absolutely nothing,negative,positive,Psychology,48,1,0,professor,True,negative → positive
first day of class i was intimidated cuz she lets you know right away its going to be A LOT expected from you ie READ/STUDY. GRADES HARD ON ESSAYS. i got 2 B\'s and i usually get A\'s. EXPLAIN EXPLAIN EXPLAIN YOUR THOUGHTS ON PASSAGES ON PAPERS! overall i learned A LOT take her if u r an english maj,first day of class i was intimidated cuz she lets you know right away its going to be a lot expected from you ie read study grades hard on essays i got b s and i usually get a s explain explain explain your thoughts on passages on papers overall i learned a lot take her if u r an english maj,positive,neutral,English,62,0,1,grading,True,positive → neutral
"Lectures about himself. unbelievable stories. Guy is stuck in the 1960\'s. Literally didn\'t show up for our final. Easy A if you show up, but if your paying out of pocket not from financial aid or mommy and daddy. I was hoping to learn more. Very outdated teaching style. If your taking for credits, go for it. If you want to learn. forget about it",lectures about himself unbelievable stories guy is stuck in the s literally didn t show up for our final easy a if you show up but if your paying out of pocket not from financial aid or mommy and daddy i was hoping to learn more very outdated teaching style if your taking for credits go for it if you want to learn forget about it,negative,neutral,Psychology,66,0,0,grading,True,negative → neutral
"""The Todd"" is the man. I am sure that if I had had him as a math teacher earlier in life, I would be a rocket scientist by now.",the todd is the man i am sure that if i had had him as a math teacher earlier in life i would be a rocket scientist by now,positive,negative,Mathematics,29,0,0,professor,True,positive → negative
"Good professor, I personally liked his method of teaching. People complaint about having to read the book but come on, this IS COLLEGE, you are expected to read the book.",good professor i personally liked his method of teaching people complaint about having to read the book but come on this is college you are expected to read the book,positive,neutral,Psychology,30,1,0,professor,True,positive → neutral
Sometimes she\'s interesting and sometimes she\'s boring but at least she makes jokes in class sometimes.,sometimes she s interesting and sometimes she s boring but at least she makes jokes in class sometimes,neutral,negative,History,18,0,1,professor,True,neutral → negative
"Mr. Ream wants all of his students to succeed and pass his class. He\'s very helpful and eager to make sure that students understand. His extra credit really helps out if you\'re struggling. He\'s old school and might seem like a mess with all his papers flying around, but he\'s on top of it. Highly recommend him for your 1330 Math class! :)",mr ream wants all of his students to succeed and pass his class he s very helpful and eager to make sure that students understand his extra credit really helps out if you re struggling he s old school and might seem like a mess with all his papers flying around but he s on top of it highly recommend him for your math class,neutral,positive,Mathematics,65,1,0,grading,True,neutral → positive
The tests on his class is in class had writing a paper about one question that he randomly choose from two questions he gave us earlier. I just can\'t understand why would anybody test student like that. Why don\'t him just let us write the paper and turn in like a regular professor.,the tests on his class is in class had writing a paper about one question that he randomly choose from two questions he gave us earlier i just can t understand why would anybody test student like that why don t him just let us write the paper and turn in like a regular professor,neutral,negative,History,55,0,0,lectures,True,neutral → negative
I would take every class Dr. Lombrana had to offer!,i would take every class dr lombrana had to offer,positive,negative,Biology,10,0,0,professor,True,positive → negative
"This class is doable, but given another option I would have definitely taken it. It\'s a lot of unnecessary reading and responding. The tests quizzes are difficult and the essays are impossible. She does offer a lot of help though so there\'s that. It\'s entirely too much work for a gen ed course.",this class is doable but given another option i would have definitely taken it it s a lot of unnecessary reading and responding the tests quizzes are difficult and the essays are impossible she does offer a lot of help though so there s that it s entirely too much work for a gen ed course,neutral,negative,History,56,0,1,professor,True,neutral → negative
"Tim is very passionate about whatever class he is teaching, but if you are not diggin\' the class then it gets annoying and old fast. Pretty easy grader, quizzes every week, three paper and a final. Way too much reading at way too fast of a pace.",tim is very passionate about whatever class he is teaching but if you are not diggin the class then it gets annoying and old fast pretty easy grader quizzes every week three paper and a final way too much reading at way too fast of a pace,negative,neutral,English,47,0,0,professor,True,negative → neutral
"Mr. Rose brings the world of the unseen to life in his Microbiology class. His attention to detail in lecture and lab is impeccable. By the end of the course I feel that I knew a lot about infectious disease, working with bacterial cultures in lab, and safety. Mr. Rose is a kind and caring professor, while maintaining rigor and professionalism.",mr rose brings the world of the unseen to life in his microbiology class his attention to detail in lecture and lab is impeccable by the end of the course i feel that i knew a lot about infectious disease working with bacterial cultures in lab and safety mr rose is a kind and caring professor while maintaining rigor and professionalism,positive,neutral,Biology,61,0,0,professor,True,positive → neutral
"I CANNOT RECOMMEND RACHEL EDELSON MORE HIGHLY! IF YOU TRULY CARE ABOUT LEARNING, TAKE HER CLASS! I had the privilege of taking ENG1A at SCC while in high school, and it saved me from absolute depression about school. In marked contrast to the stultifying English classes at CKM, Edelson really engaged and supported our critical thinking and writing.",i cannot recommend rachel edelson more highly if you truly care about learning take her class i had the privilege of taking eng a at scc while in high school and it saved me from absolute depression about school in marked contrast to the stultifying english classes at ckm edelson really engaged and supported our critical thinking and writing,positive,negative,English,59,0,0,lectures,True,positive → negative
Half of class was spent with him humble bragging about how marvelous himself and his achievements are and the other half was spent with him explaining his unclear prompts in the most obscure way possible. He\'s a tough grader with high expectations so to office hours and get feedback on drafts before turning in your final paper and you should do ok.,half of class was spent with him humble bragging about how marvelous himself and his achievements are and the other half was spent with him explaining his unclear prompts in the most obscure way possible he s a tough grader with high expectations so to office hours and get feedback on drafts before turning in your final paper and you should do ok,neutral,negative,English,63,0,0,professor,True,neutral → negative
"The class was too easy and very poor by college standards. I transferred to a better school after being disappointed by how juvenile the course is. The professor, while friendly, comes off too self-centered at times and not very knowledgeable.",the class was too easy and very poor by college standards i transferred to a better school after being disappointed by how juvenile the course is the professor while friendly comes off too self centered at times and not very knowledgeable,negative,positive,Psychology,41,0,1,professor,True,negative → positive
Extremely nice lady. Five exams and one paper. Good class but way too much material. She needs to lessen the amount but get more in depth. Lectures are interesting but don\'t really fit tests. Tests seem more like a memory exercise. She takes attendance so don\'t miss more than three classes. I got an A.,extremely nice lady five exams and one paper good class but way too much material she needs to lessen the amount but get more in depth lectures are interesting but don t really fit tests tests seem more like a memory exercise she takes attendance so don t miss more than three classes i got an a,positive,neutral,English,57,1,0,attendance,True,positive → neutral
"This post is for those students who are serious about math. If you can take a 300 level course with him do so! He teaches and he gives you every chance in the world to do well. His exams are out of 105 points but 80 is considered a perfect score. He also gives extra credit projects if you need them. Good class, good teacher. Take him!",this post is for those students who are serious about math if you can take a level course with him do so he teaches and he gives you every chance in the world to do well his exams are out of points but is considered a perfect score he also gives extra credit projects if you need them good class good teacher take him,neutral,positive,Mathematics,64,1,0,lectures,True,neutral → positive
"Ryan Stark... so many words for Ryan Stark. Take the class, ignore your first impression of him. I think he\'s a swell guy, although I\'ve seen him like four times between 2 and 4 am wearing flannel. Super funny, surprisingly a difficult grader, but there\'s are revisions.",ryan stark so many words for ryan stark take the class ignore your first impression of him i think he s a swell guy although i ve seen him like four times between and am wearing flannel super funny surprisingly a difficult grader but there s are revisions,positive,neutral,English,48,0,1,professor,True,positive → neutral
"I took Psych 101 with Joe in 1973 as an elective. It totally changed my direction in life. I became a therapist, I took three more classes with him before graduation and he was by far the most interesting an informative teacher in the department.",i took psych with joe in as an elective it totally changed my direction in life i became a therapist i took three more classes with him before graduation and he was by far the most interesting an informative teacher in the department,positive,neutral,Psychology,43,0,0,professor,True,positive → neutral
"Mr. Tyson is an inspiration. If you plan to use any college degree for any area, you should take his biology course. While his daily tests are annoying & if you don\'t keep up, you\'re flunking by the 2nd week. But if you read the daily requirement you will have no problem with the simple tests. It prepares anyone how to study for a college cours",mr tyson is an inspiration if you plan to use any college degree for any area you should take his biology course while his daily tests are annoying if you don t keep up you re flunking by the nd week but if you read the daily requirement you will have no problem with the simple tests it prepares anyone how to study for a college cours,positive,neutral,Biology,67,0,0,exams,True,positive → neutral
"Take this class! She gives you all the homework and tests in advance. You do need to use the book, but only because the answers are right there. You don\'t need to read it, she gives you the page numbers. The tests aren\'t hard (open book/internet). There is something due every week, but it\'s not a lot. And you can work ahead. Recommend this class.",take this class she gives you all the homework and tests in advance you do need to use the book but only because the answers are right there you don t need to read it she gives you the page numbers the tests aren t hard open book internet there is something due every week but it s not a lot and you can work ahead recommend this class,positive,neutral,History,69,0,1,professor,True,positive → neutral
He was very mean to me... I worked very hard but he gave me an C.,he was very mean to me i worked very hard but he gave me an c,neutral,negative,English,16,0,1,professor,True,neutral → negative
"Do not take this class from Jerry unless you really REALLY love math. Jerry makes the tests much harder and longer than they need to be! His Final took many students 4-5 hours to complete, is this legal?? His lectures and HW assignments are pretty good. Don\'t miss his lectures, or you will be bitten. I wish I had not taken this class from him.",do not take this class from jerry unless you really really love math jerry makes the tests much harder and longer than they need to be his final took many students hours to complete is this legal his lectures and hw assignments are pretty good don t miss his lectures or you will be bitten i wish i had not taken this class from him,neutral,positive,Mathematics,65,2,0,professor,True,neutral → positive
"He is a nice guy, but did not explain subject matter well. I had to go buy several books to self-teach, practically moved into the math lab! He does go on tangents and only explains how to do the simplistic part of a problem. Not good when the math lab tutors know what teacher you have by how confused you are. Nice guy, but not thorough enough",he is a nice guy but did not explain subject matter well i had to go buy several books to self teach practically moved into the math lab he does go on tangents and only explains how to do the simplistic part of a problem not good when the math lab tutors know what teacher you have by how confused you are nice guy but not thorough enough,negative,neutral,Mathematics,68,1,0,professor,True,negative → neutral
"hard work, a little hard to get used to her teaching stlye at first, once you get it though, it gets easier. Not an Easy class!",hard work a little hard to get used to her teaching stlye at first once you get it though it gets easier not an easy class,positive,neutral,History,26,0,1,workload,True,positive → neutral
"Ok if you are a lazy arse, dont take this class. But it\'s easy if you TRY and GO TO CLASS. do not need to open your book, just REVEIW ALL NOTES for the test and FOLLOW the study guide. If that\'s asking for too much, don\'t take the class... I learned a lot.",ok if you are a lazy arse dont take this class but it s easy if you try and go to class do not need to open your book just reveiw all notes for the test and follow the study guide if that s asking for too much don t take the class i learned a lot,positive,neutral,Biology,57,0,0,exams,True,positive → neutral
"this class was hard. a lot of information. but he is willing to work with you, and he is always around in case you have questions. if you have to take this class, i strongly recommend taking it with rogers",this class was hard a lot of information but he is willing to work with you and he is always around in case you have questions if you have to take this class i strongly recommend taking it with rogers,positive,neutral,Biology,40,0,1,professor,True,positive → neutral
She\'s good but I sometimes get bored. The midterm and final might be a bit hard.,she s good but i sometimes get bored the midterm and final might be a bit hard,positive,neutral,English,17,1,1,professor,True,positive → neutral
"I failed MAT 095 the first time I took it with Blythe. The second time I had prof. O\'Brien, and I made it out ok. She\'s a really nice lady, and helped me out a whole lot even though I\'m HORRIBLE at math.",i failed mat the first time i took it with blythe the second time i had prof o brien and i made it out ok she s a really nice lady and helped me out a whole lot even though i m horrible at math,neutral,negative,Mathematics,45,0,1,professor,True,neutral → negative
"Looking back at it, I loved this class! But he does get off topic and is a little confusing and eccentric. All his tests are take home and you can always go to the tutoring center for them but he has links online that will help you pass easily. He is an easy grader and really loves his students. If you get on his good side then you will love it!!",looking back at it i loved this class but he does get off topic and is a little confusing and eccentric all his tests are take home and you can always go to the tutoring center for them but he has links online that will help you pass easily he is an easy grader and really loves his students if you get on his good side then you will love it,neutral,positive,Mathematics,71,2,1,professor,True,neutral → positive
"this class has all the potential to be interesting, but it isn\'t. her lectures come right from the reading assignments, and aren\'t very engaging. sometimes it feels like she doesn\'t know her stuff.",this class has all the potential to be interesting but it isn t her lectures come right from the reading assignments and aren t very engaging sometimes it feels like she doesn t know her stuff,negative,neutral,History,36,0,0,professor,True,negative → neutral
teacher was good for most part. felt like she treated class like children rather than adults we are.,teacher was good for most part felt like she treated class like children rather than adults we are,neutral,negative,Biology,18,1,0,professor,True,neutral → negative
"contrary to most, this guy is a great adviosor, but puts thing to the point which is great all of you who are dissin him as an advisor are prolly just failing and he told u that u aint gonna be a doctor",contrary to most this guy is a great adviosor but puts thing to the point which is great all of you who are dissin him as an advisor are prolly just failing and he told u that u aint gonna be a doctor,positive,neutral,Biology,43,1,0,professor,True,positive → neutral
"Very unorganized, but very fair. He is very helpful one on one, but in a group, he tends to be unclear.",very unorganized but very fair he is very helpful one on one but in a group he tends to be unclear,negative,positive,Psychology,21,1,0,professor,True,negative → positive
"I don\'t know how she is getting all these great ratings..I got an A, but she is the most obnoxious professor I\'ve ever had. Sweet as can be as a person, but all over the place. She is so hyper it really gets annoying after the first few classes.PSY 250, Lit review, was the biggest waste of time of my life.you have to do a million study write ups",i don t know how she is getting all these great ratings i got an a but she is the most obnoxious professor i ve ever had sweet as can be as a person but all over the place she is so hyper it really gets annoying after the first few classes psy lit review was the biggest waste of time of my life you have to do a million study write ups,neutral,negative,Psychology,73,1,1,professor,True,neutral → negative
"I\'m not a fan. The free-willed nature of the professor is liberating, and for that I commend. However, that strength is the seed of his destruction. He offers hardly any challenge for the course, and is evident he isn\'t taking it seriously. You\'re better off with other professors.",i m not a fan the free willed nature of the professor is liberating and for that i commend however that strength is the seed of his destruction he offers hardly any challenge for the course and is evident he isn t taking it seriously you re better off with other professors,neutral,positive,English,52,0,0,professor,True,neutral → positive
"The class itself was hard at first, then it got easier. Did not have a good experience with the teacher. She was very rude and not encouraging either. When time came for students to drop the class, she said, if anybody wants to drop let me know so I can get forms ready. She should be encouraging us to continue and help. Not drop it.",the class itself was hard at first then it got easier did not have a good experience with the teacher she was very rude and not encouraging either when time came for students to drop the class she said if anybody wants to drop let me know so i can get forms ready she should be encouraging us to continue and help not drop it,positive,negative,Mathematics,65,1,1,professor,True,positive → negative
"A weird class in my opinion. Was confused a lot of the time and not sure how all topics related to each other, but her class is set up pretty clearly. She gives reviews the class before the test and is pretty much exactly what\'s on it. The prompts are hard to grasp for papers, but I never got lower than an 87% on one. I\'d recommend still.",a weird class in my opinion was confused a lot of the time and not sure how all topics related to each other but her class is set up pretty clearly she gives reviews the class before the test and is pretty much exactly what s on it the prompts are hard to grasp for papers but i never got lower than an on one i d recommend still,positive,negative,History,69,0,1,professor,True,positive → negative
"I think one of the pitfalls reviewers of Lair fell into was not going to see her or staying a few minutes after class to ask questions. She looked scary & set tough rules, but when talked to, she relaxed many of the rules & was very helpful. Her class is par for the course, its math & requires work out side of class to pass, o look for it.",i think one of the pitfalls reviewers of lair fell into was not going to see her or staying a few minutes after class to ask questions she looked scary set tough rules but when talked to she relaxed many of the rules was very helpful her class is par for the course its math requires work out side of class to pass o look for it,neutral,positive,Mathematics,67,1,0,professor,True,neutral → positive
She is a very nice teacher. most classmates likes her. she give the people good mark!!,she is a very nice teacher most classmates likes her she give the people good mark,neutral,positive,English,16,1,0,grading,True,neutral → positive
"Though he is hard to understand sometimes, he really knows his stuff! If you do the homework and take notes in class, you will be able to overcome the confusion most students experience.",though he is hard to understand sometimes he really knows his stuff if you do the homework and take notes in class you will be able to overcome the confusion most students experience,neutral,positive,Mathematics,33,0,1,professor,True,neutral → positive
"The only way the professor grades you is essays, A LOT OF ESSAYS. Write 3 essays in two hours in class...",the only way the professor grades you is essays a lot of essays write essays in two hours in class,neutral,negative,English,20,0,0,grading,True,neutral → negative
Don\'t be lazy with your reading up and your almost garuanteed an A. Do what she says and memorize her lecture topics and the rest is downhill you pussies.,don t be lazy with your reading up and your almost garuanteed an a do what she says and memorize her lecture topics and the rest is downhill you pussies,positive,neutral,Biology,30,0,0,professor,True,positive → neutral
Dr. Chambers is a good professor but you have to work really hard in his class. You must go to class to understand the topics he wants you to know... Then take his information and spend a lot of time researching and learning it yourself. The final is extremely difficult but if you kept up during the class and studied really hard - you can do well,dr chambers is a good professor but you have to work really hard in his class you must go to class to understand the topics he wants you to know then take his information and spend a lot of time researching and learning it yourself the final is extremely difficult but if you kept up during the class and studied really hard you can do well,neutral,negative,Biology,66,1,2,professor,True,neutral → negative
"She\'s sweet and cares deeply for her students. Class focused on art therapy so be prepared to do creative things in an art journal. Doesn\'t grade based on artistic ability (just make sure you meet the criteria explained in syllabus). Takes a while to get papers back, but is a generous grader SINCE prompts are vague",she s sweet and cares deeply for her students class focused on art therapy so be prepared to do creative things in an art journal doesn t grade based on artistic ability just make sure you meet the criteria explained in syllabus takes a while to get papers back but is a generous grader since prompts are vague,positive,neutral,Psychology,58,0,0,grading,True,positive → neutral
"Dr. Chapman is a wonderful storyteller, however he impresses his opinions onto the subject matter with a slant towards creationism, specifically Christianity.",dr chapman is a wonderful storyteller however he impresses his opinions onto the subject matter with a slant towards creationism specifically christianity,neutral,positive,History,22,1,0,professor,True,neutral → positive
She definitely grows on you if you stick with the class.. she\'s challenging but very worth it.,she definitely grows on you if you stick with the class she s challenging but very worth it,positive,negative,English,18,0,0,professor,True,positive → negative
Read your book and you will make an A.You must read and pay attention to the lectures!!,read your book and you will make an a you must read and pay attention to the lectures,positive,neutral,Psychology,18,0,0,lectures,True,positive → neutral
"she seemed really laid back in class but if you visited her in her office she made you feel stupid and inept. encouraged passion in her class, had some spunk.",she seemed really laid back in class but if you visited her in her office she made you feel stupid and inept encouraged passion in her class had some spunk,positive,neutral,English,30,0,0,professor,True,positive → neutral
"she is a easy teacher, but don\'t ask her to help you outside of class because she won\'t go out of her way!",she is a easy teacher but don t ask her to help you outside of class because she won t go out of her way,neutral,positive,Mathematics,25,0,0,professor,True,neutral → positive
"He has an extremely dry wit, so if you do, then you\'ll find him really interesting and funny. If you don\'t, you\'ll probably be bored to tears. But his courses are pretty easy, usually take home exams or essays. If you go to class and do your work nominally well, you should get at least a B.",he has an extremely dry wit so if you do then you ll find him really interesting and funny if you don t you ll probably be bored to tears but his courses are pretty easy usually take home exams or essays if you go to class and do your work nominally well you should get at least a b,positive,neutral,History,60,0,0,lectures,True,positive → neutral
"Chris not only knows the material forward and backward, he single-handed sets up labs for the entire biology department. ask any question a/b any model or experiment and Chris can give you a definite answer...or research the answer for you!",chris not only knows the material forward and backward he single handed sets up labs for the entire biology department ask any question a b any model or experiment and chris can give you a definite answer or research the answer for you,positive,neutral,Biology,43,0,0,professor,True,positive → neutral
"He\'s such a sweet guy and seems genuinely crushed that no one comes to his lectures. Attending recitation and getting good grades on exams is all you really need; it\'s a pretty easy course.If you have a heart, go to his lectures on occasion. He\'s a sweet old man; no one wants to know they\'re boring.",he s such a sweet guy and seems genuinely crushed that no one comes to his lectures attending recitation and getting good grades on exams is all you really need it s a pretty easy course if you have a heart go to his lectures on occasion he s a sweet old man no one wants to know they re boring,negative,neutral,Mathematics,61,1,1,attendance,True,negative → neutral
"Most lectures are half lecture half movie, not very specific on what you need to be paying attention to. Beware, she will not reply back to your emails. Feedback for our research paper rough draft was given back to us 3 days before the final draft was due. She makes you take all the tests twice for a ""chance"" to do better but, its not worth it. :(",most lectures are half lecture half movie not very specific on what you need to be paying attention to beware she will not reply back to your emails feedback for our research paper rough draft was given back to us days before the final draft was due she makes you take all the tests twice for a chance to do better but its not worth it,negative,neutral,Psychology,66,0,0,professor,True,negative → neutral
"ungodly easy... she taught from the book, didnt check homework, and the tests were 20 questions, multiple choice... classes before tests were called ""study classes"" and we wouldnt have class at all... i give her a 10",ungodly easy she taught from the book didnt check homework and the tests were questions multiple choice classes before tests were called study classes and we wouldnt have class at all i give her a,neutral,positive,Mathematics,35,0,0,lectures,True,neutral → positive
Simply put: The finest history professor I have ever had.,simply put the finest history professor i have ever had,positive,negative,History,10,0,0,professor,True,positive → negative
"This was by far the hardest class I took for my first semester of college! Mr. Martin is a great guy as a person, but he expects way too much! His exams are all essays and he expects you to know every little detail! If you\'re ok with getting a C or lower take his class, if not, RUN!",this was by far the hardest class i took for my first semester of college mr martin is a great guy as a person but he expects way too much his exams are all essays and he expects you to know every little detail if you re ok with getting a c or lower take his class if not run,negative,neutral,History,60,1,0,professor,True,negative → neutral
"if you think that he is egotistical or hard you should drop out now. b/c you have no hope of coming up with an original concept on your own. and saying that he doesnt let you have your own opinions is catagorically incorrect, that is exactly what he tries",if you think that he is egotistical or hard you should drop out now b c you have no hope of coming up with an original concept on your own and saying that he doesnt let you have your own opinions is catagorically incorrect that is exactly what he tries,positive,neutral,English,50,0,1,professor,True,positive → neutral
this class requires lots of study and memorization. you will have to be able to label maps and talk about things in lengthy detail. 2 papers were required in this course and also 2 quizes and 2 test. you will have 7 reading respoces that will have about 5 questions to them. they are woth 25 points each. Dr. Spock is a great teacher!!,this class requires lots of study and memorization you will have to be able to label maps and talk about things in lengthy detail papers were required in this course and also quizes and test you will have reading respoces that will have about questions to them they are woth points each dr spock is a great teacher,neutral,positive,History,58,1,0,professor,True,neutral → positive
If you want to get an A in this class you have to really analyze the films. Take a lot of notes and participate. I got an A- by working my ASS off. Two in class essays and one final paper. The films are pretty good too.,if you want to get an a in this class you have to really analyze the films take a lot of notes and participate i got an a by working my ass off two in class essays and one final paper the films are pretty good too,positive,neutral,English,47,1,0,exams,True,positive → neutral
"Honestly, this lady would be better off teaching middle school English. Work is very childish and not challenging at all. She is a very nice lady, but very disorganized. Assigns a lot of work, but very unclear when it is due. Easy A, but would have actually like to have learned something... anything actually.",honestly this lady would be better off teaching middle school english work is very childish and not challenging at all she is a very nice lady but very disorganized assigns a lot of work but very unclear when it is due easy a but would have actually like to have learned something anything actually,negative,positive,English,54,0,0,professor,True,negative → positive
Mixed feelings on this professor. The work load was extremely difficult. I hated the group component of the course - it would have been very useful if our grade didn\'t depend on it. He\'s fair in his grading (aside from the group grade) and the subject matter is interesting. The lectures were a bit dry and he expects a great deal workwise.,mixed feelings on this professor the work load was extremely difficult i hated the group component of the course it would have been very useful if our grade didn t depend on it he s fair in his grading aside from the group grade and the subject matter is interesting the lectures were a bit dry and he expects a great deal workwise,positive,neutral,Psychology,63,1,1,grading,True,positive → neutral
"Very interesting, ""Can you hear me in the back? OK! And thank you again for turning off your cell phones! Today we will be talking about..."" He goes pretty quickly but is easy to follow. Course is TOUGH for first year and it\'s to bad he isn\'t teaching it anymore.",very interesting can you hear me in the back ok and thank you again for turning off your cell phones today we will be talking about he goes pretty quickly but is easy to follow course is tough for first year and it s to bad he isn t teaching it anymore,positive,negative,History,52,0,1,professor,True,positive → negative
"He is a terrible professor. Some girls think he is hot, while some guys think he is cool. However, he is a rigid marker, a boring lecturer, and a cranky person. It\'s as if he gets off on trying to strike fear into some of his students.",he is a terrible professor some girls think he is hot while some guys think he is cool however he is a rigid marker a boring lecturer and a cranky person it s as if he gets off on trying to strike fear into some of his students,neutral,negative,English,48,0,2,professor,True,neutral → negative
"He\'s not that bad. He just goes a but fast. I have to agree when he says ""Any questions?"" its kinda pointless top say that cause I\'m totally not following whats going on. Nevertheless he\'s not too bad. He could be worse.",he s not that bad he just goes a but fast i have to agree when he says any questions its kinda pointless top say that cause i m totally not following whats going on nevertheless he s not too bad he could be worse,neutral,negative,Mathematics,45,0,1,professor,True,neutral → negative
fair on grading but tests and exams are not from the lectures........heavy on the textbook...... good lectures tho....,fair on grading but tests and exams are not from the lectures heavy on the textbook good lectures tho,negative,neutral,Psychology,19,1,0,lectures,True,negative → neutral
"Dr. Hadley can be an aquired taste. A lot of what he says, he doesn\'t mean, all you have to do to get decent grades in his class is do do your homework and participate. And he\'s right though, as a generation we know a lot about technology but not a lot about world affairs.",dr hadley can be an aquired taste a lot of what he says he doesn t mean all you have to do to get decent grades in his class is do do your homework and participate and he s right though as a generation we know a lot about technology but not a lot about world affairs,positive,negative,English,57,0,0,grading,True,positive → negative
"Easy class, easy A...but I actually learned a lot. It introduces you to writing resumes and internal memos and such, I\'m even keeping the book because I find it so helpful, it will come in handy. Not a lot of assn\'s..most easy. Good prof, nice guy, but he can go on and on talking about every detail of everything. Overall, good!",easy class easy a but i actually learned a lot it introduces you to writing resumes and internal memos and such i m even keeping the book because i find it so helpful it will come in handy not a lot of assn s most easy good prof nice guy but he can go on and on talking about every detail of everything overall good,neutral,positive,English,65,2,0,professor,True,neutral → positive
just go head and take her class..dont ask too much questions in her class,just go head and take her class dont ask too much questions in her class,positive,neutral,English,15,0,0,lectures,True,positive → neutral
"If you have an amazing, photographic memory, you will do well in this course. You better be able to type 100 wpm, otherwise, you miss the slides on the overhead and you need every word for tests and exams! She is very unreasonable and finicky the way she marks tests so MEMORIZE!! If you take this course, be prepared to STUDY!",if you have an amazing photographic memory you will do well in this course you better be able to type wpm otherwise you miss the slides on the overhead and you need every word for tests and exams she is very unreasonable and finicky the way she marks tests so memorize if you take this course be prepared to study,negative,positive,Psychology,60,1,0,grading,True,negative → positive
"Prof. Strong really cares about you. Yes, his tests are difficult but coming from a former professor from UT Health, what do you expect? He trains you for nursing school because keep in mind, nursing school is not easy. I recommend taking him if you can accept the challenge because in the long run, you will learn an awful amount.",prof strong really cares about you yes his tests are difficult but coming from a former professor from ut health what do you expect he trains you for nursing school because keep in mind nursing school is not easy i recommend taking him if you can accept the challenge because in the long run you will learn an awful amount,positive,negative,Biology,60,0,2,professor,True,positive → negative
"He\'s pretty tough, but it\'s not all his fault. STUDY, PEOPLE!",he s pretty tough but it s not all his fault study people,positive,negative,Biology,13,0,0,professor,True,positive → negative
"Very intelligent professor. Hard to understand her, shes really good about putting up test grades now. all notes are posted online. dont really need to go to class. no attendance. good for GPA if your psyc savvy.",very intelligent professor hard to understand her shes really good about putting up test grades now all notes are posted online dont really need to go to class no attendance good for gpa if your psyc savvy,negative,neutral,Psychology,37,1,1,attendance,True,negative → neutral
Although the tests are tough she is usually pretty generous with grading in the end if you participate and show up to class. She is quite hilarious and tries to make the subject as painless as possible.,although the tests are tough she is usually pretty generous with grading in the end if you participate and show up to class she is quite hilarious and tries to make the subject as painless as possible,positive,neutral,History,37,0,0,lectures,True,positive → neutral
"Last class she said ""sure"" 79 times. Emphasizes words to the point where you can\'t even stand to listen to her talk. Emphasizes S\'s --soo annoying.",last class she said sure times emphasizes words to the point where you can t even stand to listen to her talk emphasizes s s soo annoying,positive,negative,English,27,0,0,professor,True,positive → negative
"This teacher is very friendly, but the tests are extremely hard and she gives quizzes every single day in the last 10 minutes of class which I found very frustrating, especially at the end of the day after a 2 hour lecture.",this teacher is very friendly but the tests are extremely hard and she gives quizzes every single day in the last minutes of class which i found very frustrating especially at the end of the day after a hour lecture,neutral,negative,Mathematics,40,0,1,lectures,True,neutral → negative
dr toth is a nice lady but man her class was boring. she gives the notes right on the chalkboard and she talks the whole class. she was helpful when you had questions and she was a good prof just a little boring.,dr toth is a nice lady but man her class was boring she gives the notes right on the chalkboard and she talks the whole class she was helpful when you had questions and she was a good prof just a little boring,neutral,positive,Psychology,43,2,1,professor,True,neutral → positive
"This class was SO AWESOME! If you\'re trying to decide between professors, I would definitely choose her. She made us work hard, but she believed in our ability so I never felt like it was impossible. Her lectures were inspiring and I always learned something. What\'s really cool about her class is the applications it has to other areas of life.",this class was so awesome if you re trying to decide between professors i would definitely choose her she made us work hard but she believed in our ability so i never felt like it was impossible her lectures were inspiring and i always learned something what s really cool about her class is the applications it has to other areas of life,positive,negative,English,63,1,1,professor,True,positive → negative
"She gives a lot of work and made me hate writing method sections. I changed my major after having her, but I can\'t blame her entirely. She is really sweet, but she gives a whole lot more work that I expected for a 200 level class. She is kind of condescending when she says things too. It gets a little annoying.",she gives a lot of work and made me hate writing method sections i changed my major after having her but i can t blame her entirely she is really sweet but she gives a whole lot more work that i expected for a level class she is kind of condescending when she says things too it gets a little annoying,negative,neutral,Psychology,61,0,0,professor,True,negative → neutral
You have to study hard in order to pass her class. Attendance and class participation are mandatory. Homeworks every day.,you have to study hard in order to pass her class attendance and class participation are mandatory homeworks every day,positive,negative,English,20,0,1,attendance,True,positive → negative
"Paul needs to teach the science before he can philosophize about the principles of science. Frankly, you are wasting money by taking this class.",paul needs to teach the science before he can philosophize about the principles of science frankly you are wasting money by taking this class,negative,positive,Biology,24,0,0,professor,True,negative → positive
If she likes you and your topic you will get a good grade on your presentation. If she isn\'t interested in your topic she will pick apart your presentation. You can put all your time into your speech and if she doesn\'t like you won\'t do well. Very biased teacher and isn\'t objective in grading.,if she likes you and your topic you will get a good grade on your presentation if she isn t interested in your topic she will pick apart your presentation you can put all your time into your speech and if she doesn t like you won t do well very biased teacher and isn t objective in grading,negative,positive,English,59,1,0,grading,True,negative → positive
"If you can\'t learn stats from this man, you should remove yourself from the gene pool. He\'s the nicest, most patient professor I\'ve ever had. Explains everything and answers even the stupidest questions in a clear and humble manner.",if you can t learn stats from this man you should remove yourself from the gene pool he s the nicest most patient professor i ve ever had explains everything and answers even the stupidest questions in a clear and humble manner,positive,negative,Psychology,42,1,0,professor,True,positive → negative
"It was very difficult to keep up but as long as you take good notes, you will be prepared for the exams.",it was very difficult to keep up but as long as you take good notes you will be prepared for the exams,neutral,positive,Mathematics,22,1,1,exams,True,neutral → positive
"Very enthusiastic about the class, gets into detail with major places or characters in history.",very enthusiastic about the class gets into detail with major places or characters in history,positive,neutral,History,15,0,0,lectures,True,positive → neutral
Really nice guy. Class can be a little boring at times but it is mostly because of the material that we have to cover. He does a pretty good job of using different teaching methods.,really nice guy class can be a little boring at times but it is mostly because of the material that we have to cover he does a pretty good job of using different teaching methods,positive,neutral,Biology,35,1,1,professor,True,positive → neutral
"Amazingly insightful professor -- know I\'m in the minority here, but I loved her lectures. Take notes, know your material, ask her any questions you may have and you\'ll be set.",amazingly insightful professor know i m in the minority here but i loved her lectures take notes know your material ask her any questions you may have and you ll be set,positive,neutral,Psychology,32,0,0,professor,True,positive → neutral
"Lorelle Semley is incredible and extremely knowledgeable. Very engaging. The class was very enjoyable and a hell of a learning experience. Very harsh grader, though. Take her classes when she returns from sabbatical in the fall of 07",lorelle semley is incredible and extremely knowledgeable very engaging the class was very enjoyable and a hell of a learning experience very harsh grader though take her classes when she returns from sabbatical in the fall of,positive,negative,History,37,0,0,professor,True,positive → negative
Hardest english course I\'ve ever taken. The reading load is HEAVY you need Time Management skill or this class will be easy flunk. Lazy writers beware: You will be punished. Worked to the BONE for weeks to obtain a B. You\'ll learn a lot but if you already have a heavy course load i\'d save this class for a term with easier classes. THIS IS HARD AF,hardest english course i ve ever taken the reading load is heavy you need time management skill or this class will be easy flunk lazy writers beware you will be punished worked to the bone for weeks to obtain a b you ll learn a lot but if you already have a heavy course load i d save this class for a term with easier classes this is hard af,neutral,negative,English,70,0,1,workload,True,neutral → negative
"I took Mrs. Griffin during my first semester of college. I didn\'t know what I was getting myself into. It was challenging, she was very intimidating, but she did help with giving good feedback on my papers. We had to do like a mid-term timed writing and a 7 page paper, as final, and a presentation of you presenting your thesis that you wrote about",i took mrs griffin during my first semester of college i didn t know what i was getting myself into it was challenging she was very intimidating but she did help with giving good feedback on my papers we had to do like a mid term timed writing and a page paper as final and a presentation of you presenting your thesis that you wrote about,positive,negative,English,66,1,0,professor,True,positive → negative
Failed to give constructive feedback on assignments that could be useful for improvement.,failed to give constructive feedback on assignments that could be useful for improvement,negative,positive,English,13,0,0,workload,True,negative → positive
"He does expect you to work. If social psych is your thing he is your proff. Not for the feint of heart, know that if your a loafer you will be spoted. Take other psych classes if you want to coast. But if your intending to go into this feild he goes the extra mile for you.",he does expect you to work if social psych is your thing he is your proff not for the feint of heart know that if your a loafer you will be spoted take other psych classes if you want to coast but if your intending to go into this feild he goes the extra mile for you,positive,negative,Psychology,57,0,0,professor,True,positive → negative
Rob is a good teacher. I loved this class because there were very few student and we just talked about multicultural lit and pedagogical standpoints. I enjoyed most of the books and the blogs were a good medium for homework. I would take another of Rob\'s class.,rob is a good teacher i loved this class because there were very few student and we just talked about multicultural lit and pedagogical standpoints i enjoyed most of the books and the blogs were a good medium for homework i would take another of rob s class,positive,neutral,English,48,1,0,professor,True,positive → neutral
"Abramov was great! He was easy to understand, his lectures were easy to keep up with, and he\'s hilarious. Read the chapter before class and you\'ll do great. Only 3 tests, no midterm, and they are multiple choice, 50 questions. Taking the final on Monday, fairly confident. READ the chapters (textbooks in the reserves), and participate, you\'ll pass!",abramov was great he was easy to understand his lectures were easy to keep up with and he s hilarious read the chapter before class and you ll do great only tests no midterm and they are multiple choice questions taking the final on monday fairly confident read the chapters textbooks in the reserves and participate you ll pass,neutral,positive,Psychology,59,1,0,professor,True,neutral → positive
"As a person she is wonderful and kind. I shouldn\'t have taken the 7 week class since it went too fast. I was there everyday and did my best, but transfered out of her class and into a full semester of Elm Alg. I now have an A. I didn\'t like the fact if you didn\'t finish checking your work because you see it in your head, she\'ll mark you wrong.",as a person she is wonderful and kind i shouldn t have taken the week class since it went too fast i was there everyday and did my best but transfered out of her class and into a full semester of elm alg i now have an a i didn t like the fact if you didn t finish checking your work because you see it in your head she ll mark you wrong,neutral,negative,Mathematics,74,2,0,grading,True,neutral → negative
"if its not Greek its not that important. hey can you guys see this slide? oh forget it it doesn\'t matter (asian arch.) spends 10-15 fixing lighting in order to show greek arch. quote: ""these people blah blah.. This is grotesque"" very closed minded inconsiderate.but he may be a good design professor.",if its not greek its not that important hey can you guys see this slide oh forget it it doesn t matter asian arch spends fixing lighting in order to show greek arch quote these people blah blah this is grotesque very closed minded inconsiderate but he may be a good design professor,negative,neutral,History,53,1,0,professor,True,negative → neutral
"Really confusing and slow. Often goes on random or semi-random tangents. The class progresses really slowly as he randomly comments on students who say something, walk in late, or are just sitting minding their own business. I\'d like to emphasize the slowness. It\'s November, and our 1st test was this past Monday. No assignments though.",really confusing and slow often goes on random or semi random tangents the class progresses really slowly as he randomly comments on students who say something walk in late or are just sitting minding their own business i d like to emphasize the slowness it s november and our st test was this past monday no assignments though,neutral,negative,Psychology,58,0,1,professor,True,neutral → negative
"She is extremely nice but she expects you to know your stuff! Her tests are very hard and if you don\'t know how to write an essay before you take her class, you will fail! She will help you in any way she can but be prepared to WRITE and read boring stories like Oedipus Rex & Othello. Hard but good",she is extremely nice but she expects you to know your stuff her tests are very hard and if you don t know how to write an essay before you take her class you will fail she will help you in any way she can but be prepared to write and read boring stories like oedipus rex othello hard but good,positive,neutral,English,61,1,2,lectures,True,positive → neutral
"very hard and she knows it. She explains the first class in order to pass her test you must study note, power pt, and read text book. The test questions arent study terms and definitions they are how to connect terms. If you take this corse good luck I got a C",very hard and she knows it she explains the first class in order to pass her test you must study note power pt and read text book the test questions arent study terms and definitions they are how to connect terms if you take this corse good luck i got a c,negative,neutral,Psychology,52,1,1,professor,True,negative → neutral
"One of the easiest teachers on campus. Very lenient & laid back. Very helpful when you go meet him in his office. Has 3 exams & a final but the final is optional so if you do well in the 1st exams & the homeworks you are good. If you did 2 exams bad, he replaces your final grade with 1 so that you can get a better grade. I recommend you take him.",one of the easiest teachers on campus very lenient laid back very helpful when you go meet him in his office has exams a final but the final is optional so if you do well in the st exams the homeworks you are good if you did exams bad he replaces your final grade with so that you can get a better grade i recommend you take him,positive,neutral,Mathematics,68,2,1,grading,True,positive → neutral
"She is a great person, funny and personable. But, she can\'t teach. You\'ll be happy if it\'s just a ge class, but if you\'re a psych major you\'ll be disappointed about how much you don\'t learn. It\'s an easy A though.",she is a great person funny and personable but she can t teach you ll be happy if it s just a ge class but if you re a psych major you ll be disappointed about how much you don t learn it s an easy a though,negative,positive,Psychology,48,1,0,professor,True,negative → positive
Medieval history was BORING...but very easy. I skipped all the time and got an A. He\'s a fun guy though. If you want to interact with him more take his 505 class. His accent rocks and he loves to talk about English modern culture.,medieval history was boring but very easy i skipped all the time and got an a he s a fun guy though if you want to interact with him more take his class his accent rocks and he loves to talk about english modern culture,positive,neutral,History,45,0,1,attendance,True,positive → neutral
"Very intersting class, though lots of reading. The lectures were all discussion and we were allowed to resubmit each paper once. It was important to do all the reading and attend most classes, but all in all very reasonable.",very intersting class though lots of reading the lectures were all discussion and we were allowed to resubmit each paper once it was important to do all the reading and attend most classes but all in all very reasonable,positive,neutral,English,39,0,0,attendance,True,positive → neutral
"She is the nicest person that anyone would ever meet in this world! The work is easy, all you have to do is read poems and write responses for them! You get a couple of major papers but all that matters is the grammar and not so much the content. But if you are completely off subject in everything you write, your grade might suffer.",she is the nicest person that anyone would ever meet in this world the work is easy all you have to do is read poems and write responses for them you get a couple of major papers but all that matters is the grammar and not so much the content but if you are completely off subject in everything you write your grade might suffer,positive,neutral,English,65,0,0,grading,True,positive → neutral
"Jacques Lacan. I know his name now. We studied this man the entire semester and I wrote 2 papers that I had absolutely no clue what they meant when I was finished. Very confusing. She tried, but it wasn\'t that helpful. She is an easy grader though. Just go to class and keep your notes.",jacques lacan i know his name now we studied this man the entire semester and i wrote papers that i had absolutely no clue what they meant when i was finished very confusing she tried but it wasn t that helpful she is an easy grader though just go to class and keep your notes,negative,positive,English,55,1,1,professor,True,negative → positive
"Content is well-explained;it\'s the grading system that will leave you confused-your 2 tests during the semester mean nothing but you should still aim to do well, HW is about effort (not score - finish it all), attendance is extremely important, and the final will make or break you. I learned a ton and MCAT prep is easier having taken this course.",content is well explained it s the grading system that will leave you confused your tests during the semester mean nothing but you should still aim to do well hw is about effort not score finish it all attendance is extremely important and the final will make or break you i learned a ton and mcat prep is easier having taken this course,neutral,positive,Biology,63,0,0,grading,True,neutral → positive
I love mrs Fitzpatrick psych 25. She\'s very caring a bit of a calling in sick but if you voice your concerns to her she will help you pick up grade. She\'s funny. her tests do match her 3 exams. a lot of reading. she lets you use a cheat sheet on test easy A. very accessible on line and in office. she\'s overall very relaxed happy all the time.,i love mrs fitzpatrick psych she s very caring a bit of a calling in sick but if you voice your concerns to her she will help you pick up grade she s funny her tests do match her exams a lot of reading she lets you use a cheat sheet on test easy a very accessible on line and in office she s overall very relaxed happy all the time,neutral,positive,Psychology,71,1,0,grading,True,neutral → positive
Professor Lecker is someone who clearly knows what he is talking about from a professor\'s point of view. If you are not an English major you will find yourself being utterly confused and frustrated in this class. He isn\'t very approachable nor does he try to aid the student\'s understanding. When it comes to exams he is very vague.,professor lecker is someone who clearly knows what he is talking about from a professor s point of view if you are not an english major you will find yourself being utterly confused and frustrated in this class he isn t very approachable nor does he try to aid the student s understanding when it comes to exams he is very vague,neutral,negative,English,62,0,0,professor,True,neutral → negative
"He can teach the material. Alright teacher over all. Attendance is optional, h/w is not graded nor collected, and grade comes from best grade of 3 out of 4 tests for 50%, and final for 50%.",he can teach the material alright teacher over all attendance is optional h w is not graded nor collected and grade comes from best grade of out of tests for and final for,neutral,positive,Mathematics,33,1,0,attendance,True,neutral → positive
"Hadley could be harsh, but you just have to take it in stride. He\'s an old man who knows by now that not everyone is going to like him, so he doesn\'t try to be the favorite professor. You don\'t have to be a drama major to make him like you; you just have t",hadley could be harsh but you just have to take it in stride he s an old man who knows by now that not everyone is going to like him so he doesn t try to be the favorite professor you don t have to be a drama major to make him like you you just have t,neutral,negative,English,58,0,0,professor,True,neutral → negative
"If you suck up, you\'ll do fine. Get on her good side. Listen to what she has to say and repeat it. Restate her thoughts in question form and you will get an A. Ask her about her childhood, marriage, and kids. Her birthday is Nov. 29. Remember that & throw her a party. This is how you will succeed in Gilpy\'s class.",if you suck up you ll do fine get on her good side listen to what she has to say and repeat it restate her thoughts in question form and you will get an a ask her about her childhood marriage and kids her birthday is nov remember that throw her a party this is how you will succeed in gilpy s class,negative,positive,English,63,1,0,professor,True,negative → positive
"Everyone has that one college professor. Dr. Ruckh is that professor. He makes you think critically, and while you will be over your head at times, you\'ll learn how to swim and it will be so rewarding. You can take an easy A Honors class, but if you want a challenge, are truly an academic deserving to be in the honors program, take Ruckh.",everyone has that one college professor dr ruckh is that professor he makes you think critically and while you will be over your head at times you ll learn how to swim and it will be so rewarding you can take an easy a honors class but if you want a challenge are truly an academic deserving to be in the honors program take ruckh,positive,neutral,History,65,0,0,professor,True,positive → neutral
"She was very strict when it came to class attendance. She made us write a lot of papers. The course material was not interesting. We read long uninteresting articles rather than novels. The articles were in depth and complex. She\'ll make you work hard, but isn\'t that hard a grader.",she was very strict when it came to class attendance she made us write a lot of papers the course material was not interesting we read long uninteresting articles rather than novels the articles were in depth and complex she ll make you work hard but isn t that hard a grader,negative,neutral,English,52,0,1,attendance,True,negative → neutral
she is nice teacher. I like her treat people very equal.,she is nice teacher i like her treat people very equal,neutral,negative,English,11,0,0,professor,True,neutral → negative
"She is not helpful, and she did not lift my hold so I could register for my classes.",she is not helpful and she did not lift my hold so i could register for my classes,negative,positive,History,18,1,0,professor,True,negative → positive
"Professor Scherb wants you to pass but tests are extremely difficult. I studied my ass off and barely passed each time with a curve. This guys is brilliant, a wealth of knowledge, I just wish somehow the tests were easier. I studied each chapter and review sheets I made three times each, took off from work to study and still had difficulty.",professor scherb wants you to pass but tests are extremely difficult i studied my ass off and barely passed each time with a curve this guys is brilliant a wealth of knowledge i just wish somehow the tests were easier i studied each chapter and review sheets i made three times each took off from work to study and still had difficulty,neutral,positive,Biology,62,1,1,professor,True,neutral → positive
A lot of information but not too bad. He\'s a really nice teacher and willing to help out his students no matter what.,a lot of information but not too bad he s a really nice teacher and willing to help out his students no matter what,positive,neutral,Biology,24,0,1,professor,True,positive → neutral
"The class is really boring, she talks to fast and never explains what she wants from you. A lot of reading and writing in this class. Be prepared for her to tear your paper apart, she over analyzes everything. She is definitely not a fair grader.",the class is really boring she talks to fast and never explains what she wants from you a lot of reading and writing in this class be prepared for her to tear your paper apart she over analyzes everything she is definitely not a fair grader,negative,positive,English,46,0,1,professor,True,negative → positive
It was a lesson in staying awake. Very Very boring. I completely lost my interest and desire to learn about this subject matter. She is as monotone as it could possibly get.,it was a lesson in staying awake very very boring i completely lost my interest and desire to learn about this subject matter she is as monotone as it could possibly get,negative,neutral,Biology,32,0,1,professor,True,negative → neutral
"She is very nice as a person, and grades papers fairly, but I didn\'t particularly like her choice of books for us to read. Also just as a note, most of her classes seem discussion-centered, and if she suspects that the class isn\'t reading, she\'ll start giving pop quizzes.",she is very nice as a person and grades papers fairly but i didn t particularly like her choice of books for us to read also just as a note most of her classes seem discussion centered and if she suspects that the class isn t reading she ll start giving pop quizzes,negative,neutral,English,53,0,0,lectures,True,negative → neutral
"SHE IS TOUGH, HARD GRADER, AND WILL CLOSE THE DOOR ON YOU IF YOU HAPPEN TO BE LATE. AT TIMES HER CLASS IS BORING, AND SHE REPEATS HERSELF TOO MUCH. SHE HARDLY RECOMMENDS STUDENTS TO TAKE THE ACT TEST AFTER HER CLASS, AND NOT BECAUSE THEY DON\'T DESERVE IT. IT WAS HARD TO PASS THIS CLASS, NO MATTER HOW HARD YOU WORKED.",she is tough hard grader and will close the door on you if you happen to be late at times her class is boring and she repeats herself too much she hardly recommends students to take the act test after her class and not because they don t deserve it it was hard to pass this class no matter how hard you worked,positive,neutral,English,63,0,2,professor,True,positive → neutral
I took his online class during the summer. He was very lenient If i could not get past a section by his due date he would give me some extra time also he would give me options to get help. Section 14 i think was the hardest but just Pass that and it gets easier! Make sure you do the notebook HE DOES collect those.,i took his online class during the summer he was very lenient if i could not get past a section by his due date he would give me some extra time also he would give me options to get help section i think was the hardest but just pass that and it gets easier make sure you do the notebook he does collect those,positive,neutral,Mathematics,64,0,0,professor,True,positive → neutral
"Honestly, such a great professer! His lectures were always funny and most of the time he would point out interesting ways to look at the novels or content we were reading. Always willing to help and always dropped hints for essays and exams for those who went to lecture. Easy exams if you went to class and listened",honestly such a great professer his lectures were always funny and most of the time he would point out interesting ways to look at the novels or content we were reading always willing to help and always dropped hints for essays and exams for those who went to lecture easy exams if you went to class and listened,positive,neutral,English,58,1,0,professor,True,positive → neutral
"SHE WAS UNORGANIZED WHEN IT CAME TO KEEPING UP WITH MY GRADES. SHE HAD ERRORS IN HER GRADE BOOK, LUCKILY I KEPTTRACK OF EVERYTHING. SHE WAS CARELESS WHEN IT CAME TO MAKING THE CORRECTIONS, BUT SHE FINALLY DID. SHE CRITICIZED MY PAPER TOPICS AFTER I TURNED THEM IN EVEN THOUGH I CONSULTED WITH HER PRIOR TI THE DUE DATE.",she was unorganized when it came to keeping up with my grades she had errors in her grade book luckily i kepttrack of everything she was careless when it came to making the corrections but she finally did she criticized my paper topics after i turned them in even though i consulted with her prior ti the due date,positive,neutral,English,59,0,0,grading,True,positive → neutral
"She was nice, but way to bouncy for me. Everything had to be done her way exactly. She should realize there are different styles.",she was nice but way to bouncy for me everything had to be done her way exactly she should realize there are different styles,neutral,negative,English,24,0,0,professor,True,neutral → negative
"Nice lady but kind of stand offish. I found that she doesnt seem to like to answer questions, she says to read the packet. Quizzes are pretty easy. Def. read the lab packet before class because she goes through the explanations pretty fast.",nice lady but kind of stand offish i found that she doesnt seem to like to answer questions she says to read the packet quizzes are pretty easy def read the lab packet before class because she goes through the explanations pretty fast,negative,neutral,Biology,43,0,0,lectures,True,negative → neutral
"She isn\'t to hard, have two read two short books for the class and although she tells you to red out of the main textbook I only did three times. Paper at the end of class based on document with presentation but it\'s not to bad. She\'s so nice but boring and is obsessed with slavery, take her if you have a moderate interest in History",she isn t to hard have two read two short books for the class and although she tells you to red out of the main textbook i only did three times paper at the end of class based on document with presentation but it s not to bad she s so nice but boring and is obsessed with slavery take her if you have a moderate interest in history,positive,neutral,History,69,0,3,professor,True,positive → neutral
"If you like to read and memorize the textbook, you can take him for you psychology class. He\'s not an easy A teacher for me. He only give the extra credit for doing a volunteer job. nothing else for extra credit. I didn\'t have any attraction for psychology, his lecture isn\'t fun or interesting. He use slide and TV (not a fun show)for teaching.",if you like to read and memorize the textbook you can take him for you psychology class he s not an easy a teacher for me he only give the extra credit for doing a volunteer job nothing else for extra credit i didn t have any attraction for psychology his lecture isn t fun or interesting he use slide and tv not a fun show for teaching,neutral,negative,Psychology,68,0,0,grading,True,neutral → negative
"HARD MARKER! That said, she\'s pretty knowledgeable. Hard to know what she wants at times. Don\'t take for a first year class.",hard marker that said she s pretty knowledgeable hard to know what she wants at times don t take for a first year class,positive,negative,English,24,0,1,professor,True,positive → negative
"Shes a very nice lady who likes to crack some semi-funny jokes. She is not a tough grader and is always willing to help, especially if you go to office hours. Class just consists of peer reviews which is fairly simple.",shes a very nice lady who likes to crack some semi funny jokes she is not a tough grader and is always willing to help especially if you go to office hours class just consists of peer reviews which is fairly simple,positive,neutral,English,42,0,0,professor,True,positive → neutral
"Trouble is, if you have different opinions on the topics you talk about then she won\'t like you. As long as you stick to what she lays out you should be good. She wants very badly to have students she molds, if she can\'t mold you she\'ll throw you away.",trouble is if you have different opinions on the topics you talk about then she won t like you as long as you stick to what she lays out you should be good she wants very badly to have students she molds if she can t mold you she ll throw you away,positive,negative,English,53,1,0,professor,True,positive → negative
"Lost the boat with the physics. Too MUCH PHYSICS. Stop it with the drawings! Take class if you like to tackle engineering projects. Do not take class if you have any form of sanity, whatsoever. Not a math class and do not learn much. However, he knows how to teach and for the right student, well done.",lost the boat with the physics too much physics stop it with the drawings take class if you like to tackle engineering projects do not take class if you have any form of sanity whatsoever not a math class and do not learn much however he knows how to teach and for the right student well done,positive,negative,Mathematics,57,0,0,professor,True,positive → negative
it\'s a good thing FYS 114/3 is no longer being offered because it was awful! He was so unclear and never taught. It was like he didn\'t even care. He worked with a professor that he hated.,it s a good thing fys is no longer being offered because it was awful he was so unclear and never taught it was like he didn t even care he worked with a professor that he hated,neutral,negative,History,38,1,1,professor,True,neutral → negative
"She is easy if she likes you and you WILL know if she likes you. BE OUTGOING and FUNNY and you\'ll do well. She really gives like, 110% if you are funny and bring props out of your ass. If she doesn\'t like you, you will get C\'s... Its that simple.",she is easy if she likes you and you will know if she likes you be outgoing and funny and you ll do well she really gives like if you are funny and bring props out of your ass if she doesn t like you you will get c s its that simple,positive,neutral,English,53,0,0,professor,True,positive → neutral
"If you pay attention, his class is really easy. especially quizzes. in lecture he gives u vocab, gives the def. and then on the quiz/test, asks for 3 or 6 specific ones. and he only wants 4 or 5 sent.",if you pay attention his class is really easy especially quizzes in lecture he gives u vocab gives the def and then on the quiz test asks for or specific ones and he only wants or sent,neutral,positive,History,37,0,0,professor,True,neutral → positive
"There is no doubt in my mind that Coleman was the most influential professor I ever had. I was a student of his 12 yrs ago & I\'m still in awe of the learning experience I had in his courses. Anyone afraid of hard work, thinking critically, or extremely needy should probably forget about this dynamic prof.",there is no doubt in my mind that coleman was the most influential professor i ever had i was a student of his yrs ago i m still in awe of the learning experience i had in his courses anyone afraid of hard work thinking critically or extremely needy should probably forget about this dynamic prof,positive,negative,English,56,0,1,professor,True,positive → negative
very entertaining class. enjoy going to class. for each writing assignment she give you an example of what an A papers is. be on top of your reading for the quiz. there are extra credits. I would take her again if she teaching Eng. 103 but unfortunately she not.,very entertaining class enjoy going to class for each writing assignment she give you an example of what an a papers is be on top of your reading for the quiz there are extra credits i would take her again if she teaching eng but unfortunately she not,positive,negative,English,48,0,0,lectures,True,positive → negative
"Dr. Fisher is really funny. He\'s undoubtedly very knowledgable, but he lectures EXTREMELY fast. I recommend rewatching Tegrity for his lectures, because he often elaborates on his slideshows & says things that\'re not written down but that he will test you on. On the tests, he usually never takes questions directly from his HW, he rewords them",dr fisher is really funny he s undoubtedly very knowledgable but he lectures extremely fast i recommend rewatching tegrity for his lectures because he often elaborates on his slideshows says things that re not written down but that he will test you on on the tests he usually never takes questions directly from his hw he rewords them,positive,neutral,Biology,58,0,0,professor,True,positive → neutral
"Had her for Topics in Lit III: Holocaust Lit. She handled this topic with humility, understanding, and professionalism, even appropriate humor. Engages her students. A rare and exceptional caliper of teacher. Recently won a well-deserved award for her teaching. On sabatical now but will be back soon. An exceptional classroom experience! Yes!",had her for topics in lit iii holocaust lit she handled this topic with humility understanding and professionalism even appropriate humor engages her students a rare and exceptional caliper of teacher recently won a well deserved award for her teaching on sabatical now but will be back soon an exceptional classroom experience yes,positive,negative,English,53,0,0,professor,True,positive → negative
"I think his teaching style is good. You actually learn the stuff he teaches. Thats the good thing. The bad thing is he sometimes goes really fast in class. My suggestion is that if you had calc in high school, take him. Keep up on your homework. Some of the test problems are right off the homework or review. Good Professor overall.",i think his teaching style is good you actually learn the stuff he teaches thats the good thing the bad thing is he sometimes goes really fast in class my suggestion is that if you had calc in high school take him keep up on your homework some of the test problems are right off the homework or review good professor overall,positive,negative,Mathematics,62,1,1,professor,True,positive → negative
"tests are extremely hard. he trys to make lectures interesting, and he somewhat succeeds. definitely would not reccommend him because its hard to get a decent grade unless u want to study your life away.",tests are extremely hard he trys to make lectures interesting and he somewhat succeeds definitely would not reccommend him because its hard to get a decent grade unless u want to study your life away,positive,negative,Psychology,35,0,1,lectures,True,positive → negative
"Very nice teacher, funny, always a discussion class. He brings viewpoints from theorists and get deep into their mind. You really are there for the teacher. The readings are sometimes difficult to understand.Not too structured of a class, always flips around subjects.",very nice teacher funny always a discussion class he brings viewpoints from theorists and get deep into their mind you really are there for the teacher the readings are sometimes difficult to understand not too structured of a class always flips around subjects,negative,positive,History,43,0,1,professor,True,negative → positive
"Dr. Baylard is the coolest teacher ever! Really understanding and answers all your questions VERY promptly. She is also very easy going about attendence and class behavior, but you won\'t sleep here, she\'s hilarious. Even lets you turn in 1 paper 2 weeks late. Some grade her down on showing up, but she\'s had unavoidable family & health problems.",dr baylard is the coolest teacher ever really understanding and answers all your questions very promptly she is also very easy going about attendence and class behavior but you won t sleep here she s hilarious even lets you turn in paper weeks late some grade her down on showing up but she s had unavoidable family health problems,positive,negative,English,59,0,0,grading,True,positive → negative
"online and it tanked my gpa did everything the way I was asked, 4/5 assignments to be done by end of semester, I tried hard and got a C (first one) the material was interesting i still have no clue y grade was so low.",online and it tanked my gpa did everything the way i was asked assignments to be done by end of semester i tried hard and got a c first one the material was interesting i still have no clue y grade was so low,negative,neutral,Psychology,44,0,1,grading,True,negative → neutral
"The one bad part is an expensive CD. But, we could drop 2 of 4 quizzes, bring in a few pictures of work into the tests, email for notes if we miss class, and do lots of extra credit. No readings, and class prepares you for tests.",the one bad part is an expensive cd but we could drop of quizzes bring in a few pictures of work into the tests email for notes if we miss class and do lots of extra credit no readings and class prepares you for tests,positive,neutral,History,45,0,1,lectures,True,positive → neutral
"Dr. W has HIGH expectations, but that will make us successful when we get out of PSBvr. When the student puts forth effort, she will go out of her way to help- even outside of class. She cares about her students- but gets frustrated when people don\'t fulfill their potential. When she came here the dept was in CHAOS- she saved it! My favorite prof!",dr w has high expectations but that will make us successful when we get out of psbvr when the student puts forth effort she will go out of her way to help even outside of class she cares about her students but gets frustrated when people don t fulfill their potential when she came here the dept was in chaos she saved it my favorite prof,positive,negative,Psychology,66,0,0,professor,True,positive → negative
"If you get lost during the class you can resort to writing BG quotes in your margins..such as: ""I\'m good at geography!"" or ""Not everyone goes around saying \'I\'m an Incritite!"" or ""I am not sure of the Catholic doctrine of what happend when the food and wine is digested."" He has a puzzling dislike for pentacostals though...",if you get lost during the class you can resort to writing bg quotes in your margins such as i m good at geography or not everyone goes around saying i m an incritite or i am not sure of the catholic doctrine of what happend when the food and wine is digested he has a puzzling dislike for pentacostals though,neutral,negative,History,61,1,0,professor,True,neutral → negative
She is kind of a hippie but none the less as long as you attend and are involved you will get a good grade!,she is kind of a hippie but none the less as long as you attend and are involved you will get a good grade,neutral,positive,Psychology,24,1,0,grading,True,neutral → positive
"Never though I\'d be interested in a Victorian Novel class but thanks to her interesting reading list choices and informative lectures I warmed up to the subject pretty quickly. Not an easy, but rather a just marker. Do yourself a favor and come to class, then you practically don\'t have to study for tests.",never though i d be interested in a victorian novel class but thanks to her interesting reading list choices and informative lectures i warmed up to the subject pretty quickly not an easy but rather a just marker do yourself a favor and come to class then you practically don t have to study for tests,positive,neutral,English,56,0,0,exams,True,positive → neutral
Don\'t buy the book because she basically only grades you on what\'s discussed in class. Attendance isn\'t mandatory but in-class worksheets are random and count for a grade. I didn\'t like how few grades there were; the class was out of 100 points. She uses a lot of examples to make concepts clear.,don t buy the book because she basically only grades you on what s discussed in class attendance isn t mandatory but in class worksheets are random and count for a grade i didn t like how few grades there were the class was out of points she uses a lot of examples to make concepts clear,neutral,negative,Psychology,57,1,0,grading,True,neutral → negative
"Very good professor. Pretty tough on writing errors, but she helped me when I got behind in the work due to personal issues. Very kind, good and sweet person.",very good professor pretty tough on writing errors but she helped me when i got behind in the work due to personal issues very kind good and sweet person,positive,neutral,English,29,1,0,professor,True,positive → neutral
"super sweetheart, but doesnt teach very clear. you need to do the hw to understand whats going on. hw is worth points anyways, so just pay attention when you do it. i tried, but not my absolute best and i got a B.throughout the whole sememester our grades were curved. i would for sure take him again. HE\'S A SWEETHEART!",super sweetheart but doesnt teach very clear you need to do the hw to understand whats going on hw is worth points anyways so just pay attention when you do it i tried but not my absolute best and i got a b throughout the whole sememester our grades were curved i would for sure take him again he s a sweetheart,negative,positive,Mathematics,62,2,0,grading,True,negative → positive
"I took frank for A&P 1 and 2. He is a great teacher! Very helpful and understanding. This class isnt easy but if you show up and show effort you should pass. Make sure to go to his Test Review classes, they are very helpful!! Definately recommend this teacher over all the others. I recieved an A and A&P1 and B in A&P2.",i took frank for a p and he is a great teacher very helpful and understanding this class isnt easy but if you show up and show effort you should pass make sure to go to his test review classes they are very helpful definately recommend this teacher over all the others i recieved an a and a p and b in a p,neutral,positive,Biology,64,2,0,professor,True,neutral → positive
"READ THE MANUAL! As long as you show up to lab, you should be able to earn an A or B on the lab, but the quizzes are what will bring your grade down drastically. Make sure the read the manual carefully before class and go to the Biology Resource Center for any help. Know how to do any calculations because those are a good chunk of the quizzes.",read the manual as long as you show up to lab you should be able to earn an a or b on the lab but the quizzes are what will bring your grade down drastically make sure the read the manual carefully before class and go to the biology resource center for any help know how to do any calculations because those are a good chunk of the quizzes,negative,neutral,Biology,69,1,0,lectures,True,negative → neutral
"He\'s hysterical. Also he\'s a very good teacher. He moves at a rather fast pace, you need to do the homework in order to keep up. His tests don\'t have any suprises on them, he\'ll always give you the test from the previous year. By far the most entertaining math class I\'ve ever had.",he s hysterical also he s a very good teacher he moves at a rather fast pace you need to do the homework in order to keep up his tests don t have any suprises on them he ll always give you the test from the previous year by far the most entertaining math class i ve ever had,positive,neutral,Mathematics,59,1,0,lectures,True,positive → neutral
"She is really nice and passionate about the material but she is so boring! I could barely sit through her lectures! They way she grades papers is very misleading and inconsistent. On one I spent hours making sure it was perfect and I only got a B, on another I wrote it in 3 hours and got an A. Go figure.",she is really nice and passionate about the material but she is so boring i could barely sit through her lectures they way she grades papers is very misleading and inconsistent on one i spent hours making sure it was perfect and i only got a b on another i wrote it in hours and got an a go figure,neutral,negative,English,60,0,1,grading,True,neutral → negative
"Not the easy A, but he makes that clear from Day 1. You will work for it. The essays are easy, just don\'t wait until the last day to do them. Study for the quizzes by doing the activities on nortonstudyspace and read the corresponding page numbers from the quizzes flashcards or you will fail them. Good lectures and invested in his students.",not the easy a but he makes that clear from day you will work for it the essays are easy just don t wait until the last day to do them study for the quizzes by doing the activities on nortonstudyspace and read the corresponding page numbers from the quizzes flashcards or you will fail them good lectures and invested in his students,positive,neutral,History,63,2,0,lectures,True,positive → neutral
"Great teacher! Not only is he adorable with an adorable accent, but he goes in depth and he helps out and as long as you take notes and pay attention you are FINE. Make sure to study your stuff and if you read the slides you are fine for quizzes. Text and slides for test.",great teacher not only is he adorable with an adorable accent but he goes in depth and he helps out and as long as you take notes and pay attention you are fine make sure to study your stuff and if you read the slides you are fine for quizzes text and slides for test,positive,neutral,Biology,55,1,0,professor,True,positive → neutral
"Cuevas taught me how to write a college paper. He was great with feedback, very funny, and really able to relate to the students. He gives you a chance to revise your worst paper and earn points back. Very fair grader, and really wants his students to do well. Would definitely recommend.",cuevas taught me how to write a college paper he was great with feedback very funny and really able to relate to the students he gives you a chance to revise your worst paper and earn points back very fair grader and really wants his students to do well would definitely recommend,neutral,positive,English,52,1,1,professor,True,neutral → positive
"I had Dr. Brooks for BSC 1010 and 1011. He is very knowledgeable in what he teaches. On the exams, his word choices are very tricky. So when you\'re studying for the exams, make sure you are very certain in what you\'re studying otherwise the wording could potentially trick you. He gives unannounced quizzes so study before each lecture.",i had dr brooks for bsc and he is very knowledgeable in what he teaches on the exams his word choices are very tricky so when you re studying for the exams make sure you are very certain in what you re studying otherwise the wording could potentially trick you he gives unannounced quizzes so study before each lecture,neutral,positive,Biology,59,0,0,lectures,True,neutral → positive
"She is a hard grader, but you\'ll learn a lot about writing in this class. There is a lot of discussion in class and there are frequently group critiques of papers.",she is a hard grader but you ll learn a lot about writing in this class there is a lot of discussion in class and there are frequently group critiques of papers,negative,positive,English,32,0,1,professor,True,negative → positive
Professor does not tell students about online projects due. Expects you to see something on blackboard (hope for your sake you log on everyday). Gives feedback on a paper and if you fix it still gives negative feedback for paper. Somewhat scattered on what she tells students. Would not recommend.,professor does not tell students about online projects due expects you to see something on blackboard hope for your sake you log on everyday gives feedback on a paper and if you fix it still gives negative feedback for paper somewhat scattered on what she tells students would not recommend,negative,neutral,English,50,0,0,professor,True,negative → neutral
"I hated this class! Nice lady, normal college professor. I\'m not great at math and I usually get a B, in her class, I struggled with a C. Quizzes every week stressed me out.",i hated this class nice lady normal college professor i m not great at math and i usually get a b in her class i struggled with a c quizzes every week stressed me out,negative,positive,Mathematics,35,1,0,professor,True,negative → positive
"i hope he reads this one day and knows that straight up, the guy almost ruined my first year. with all these professors trying to make u feel welcome, here is dr. stewart and his condescending remarks and attitude. not a good person, and not a good teacher. i tried to tell him i was struggling, he couldn\'t have cared less. a real egomaniac, and jer",i hope he reads this one day and knows that straight up the guy almost ruined my first year with all these professors trying to make u feel welcome here is dr stewart and his condescending remarks and attitude not a good person and not a good teacher i tried to tell him i was struggling he couldn t have cared less a real egomaniac and jer,negative,neutral,English,67,1,0,professor,True,negative → neutral
"She chooses monotonous books to read about court session, criminals and jury. On top of that, she gives a little time to read, 100-120 pages for example, 2-3 days, and students must analyze and bring citations with typed responds. We should have a spare time on weekend, should not we?",she chooses monotonous books to read about court session criminals and jury on top of that she gives a little time to read pages for example days and students must analyze and bring citations with typed responds we should have a spare time on weekend should not we,negative,neutral,English,48,0,0,professor,True,negative → neutral
I was very turned off by this individual. Too bad he\'s very very opinionated and can\'t take a question for a question and not an attack on his views. I\'m dedicated to trying to make it through my college career without having him as a teacher.,i was very turned off by this individual too bad he s very very opinionated and can t take a question for a question and not an attack on his views i m dedicated to trying to make it through my college career without having him as a teacher,negative,neutral,Psychology,49,0,1,professor,True,negative → neutral
"This class does take a lot of time and work but I believe it was all worth it in the end. Dr. Nelson is a very smart man and normally pretty nice, he does have his days though. The semester project takes a lot of time and you should start it as early as possible.",this class does take a lot of time and work but i believe it was all worth it in the end dr nelson is a very smart man and normally pretty nice he does have his days though the semester project takes a lot of time and you should start it as early as possible,positive,negative,Biology,55,0,0,professor,True,positive → negative
There was an awful lot of him writing on the board...copying problems...that took up alot of time. I thought he was a bit arrogant. The only reason I got a C was because I went to a tutoring class with an AWESOME russian woman whose name I forget. I would NOT take this professor again.,there was an awful lot of him writing on the board copying problems that took up alot of time i thought he was a bit arrogant the only reason i got a c was because i went to a tutoring class with an awesome russian woman whose name i forget i would not take this professor again,neutral,positive,Mathematics,57,1,1,professor,True,neutral → positive
"The sources of material for her tests made studying kidna hard. Some was from lecture, some was from the book. about half hard, half easy to figure out what info she would test you on.",the sources of material for her tests made studying kidna hard some was from lecture some was from the book about half hard half easy to figure out what info she would test you on,negative,neutral,History,35,0,1,professor,True,negative → neutral
